CustID,Name,Address,Phone
1,Rhodie,147 Cherokee Parkway,481-651-1849
2,Fionnula,589 Mccormick Pass,973-228-7136
3,Marylynne,2 Vera Park,470-183-8442
4,Adrianna,39680 Dwight Terrace,535-961-4641
5,Alain,99 Oak Avenue,506-118-6664
6,Simonette,88 Twin Pines Street,245-445-7609
7,Rogerio,9568 Elka Place,376-534-3181
8,Joline,2996 Esch Court,854-156-5274
9,Lilllie,7 8th Hill,331-558-6564
10,Deedee,18 Express Hill,153-959-8959
11,Maryrose,69798 Fremont Drive,151-475-4223
12,Florentia,76 Northridge Circle,469-459-9173
13,Ardis,3 Steensland Crossing,424-909-9796
14,Deloria,40139 Farwell Terrace,846-123-9580
15,Tootsie,55 Rigney Pass,712-867-9430
16,Haslett,9 Jenna Terrace,394-694-4148
17,Hastie,6 1st Road,777-767-0400
18,Lidia,2362 1st Place,517-386-3261
19,Pete,352 Fairfield Alley,430-232-7728
20,Jermaine,6608 Anthes Pass,759-859-0518
21,Nickolas,76053 Northwestern Court,201-217-6894
22,Geordie,79848 Florence Center,651-920-4800
23,Diena,04736 Kim Trail,424-369-4959
24,Allan,42 Erie Lane,329-453-4006
25,Bruis,09623 Kennedy Trail,299-330-2682
26,Arlette,58271 Boyd Street,139-122-7796
27,Allegra,4 Riverside Park,965-424-1383
28,Dimitri,64611 New Castle Court,881-545-6384
29,Rhys,19585 Old Gate Avenue,281-564-1147
30,Paula,8876 Kim Avenue,480-577-6611
31,Ketty,92068 Pankratz Trail,932-874-7993
32,Melody,05 Glacier Hill Way,753-753-7205
33,Kip,780 Lerdahl Road,634-369-0396
34,Valencia,4917 Haas Road,847-897-8736
35,Germana,46054 Lyons Crossing,641-306-1331
36,Fianna,85968 Glendale Way,875-258-6219
37,Dian,5 Forest Dale Avenue,274-413-2384
38,Sky,9618 Forster Circle,305-941-3959
39,Gilberte,49 Towne Junction,786-703-2053
40,Valentine,1 Ridge Oak Terrace,383-551-5785
41,Remy,67 Banding Hill,701-628-5385
42,Purcell,05588 Hagan Road,701-993-9037
43,Constantino,44 Mayfield Avenue,864-515-2235
44,Millie,7687 David Circle,248-511-4594
45,Carney,1 Westport Circle,913-119-6462
46,Benoite,3504 Old Gate Junction,866-879-9347
47,Darius,01490 Morrow Alley,874-542-7096
48,Ignacius,90 Lukken Lane,128-529-0999
49,Win,0 Service Drive,678-540-9145
50,Drona,51 Thackeray Parkway,917-363-0253
51,Felicdad,187 Montana Junction,159-271-6045
52,Fidela,06002 Moulton Parkway,271-938-7700
53,Nisse,6 Ryan Place,534-979-2191
54,Trevar,37554 Redwing Alley,499-854-7067
55,Millicent,54 Cherokee Plaza,654-757-3659
56,Sarena,928 Logan Drive,547-412-1149
57,Johnny,201 Garrison Center,646-839-0900
58,Daven,23 Carey Avenue,952-220-6419
59,Nels,825 Homewood Drive,923-327-9993
60,Florance,07525 Atwood Crossing,644-851-7639
61,Christine,4277 3rd Center,189-236-3146
62,Fredi,09 Towne Circle,304-791-1548
63,Natividad,0046 Glendale Junction,622-203-5972
64,Jodi,1074 Buell Junction,239-855-4136
65,Lorilee,76 Homewood Place,206-654-9678
66,Nolie,64765 Morning Park,892-291-0573
67,Gill,70 Katie Trail,393-271-5586
68,Kerby,2409 Service Hill,186-537-0226
69,Alanah,9843 Tomscot Point,161-723-6554
70,Buffy,3333 Farwell Crossing,281-252-7994
71,Maribeth,1109 Cardinal Circle,606-262-4411
72,Chloris,4393 Melrose Lane,498-430-4690
73,Mirella,069 Holmberg Trail,920-623-7860
74,Arch,9317 Esch Circle,692-273-7286
75,Sunny,54 Anniversary Street,898-985-3984
76,Benni,733 Almo Lane,956-532-4883
77,Ulrika,29 Ramsey Parkway,679-274-2709
78,Norine,8097 Claremont Place,163-786-5243
79,Mathilde,03 Loeprich Crossing,812-634-6396
80,Christoper,787 Armistice Terrace,929-224-8639
81,Caresse,79670 Vermont Point,223-613-4061
82,Herold,28173 Talmadge Terrace,657-498-1223
83,Lizabeth,99552 Stuart Drive,909-119-9941
84,Averell,74 Oak Court,614-354-9884
85,Clementia,55620 Sage Lane,702-930-2137
86,Fabiano,05013 Forster Crossing,418-514-9113
87,Karilynn,5064 Bunker Hill Trail,827-987-4933
88,Skipp,77 Autumn Leaf Trail,285-880-4669
89,Farley,7 Westport Way,925-605-1924
90,Hanna,82721 Ridgeway Circle,494-505-2897
91,Hetti,05 Sunnyside Circle,992-913-8776
92,Eolande,575 Elka Center,619-930-7060
93,Aretha,97609 Ilene Avenue,293-840-6856
94,Roana,2 Raven Court,610-733-7821
95,Angus,62431 Green Ridge Plaza,555-873-0921
96,Diane-marie,58749 Steensland Drive,736-295-2293
97,Lissi,4675 Menomonie Crossing,103-353-9189
98,Ebonee,2 Linden Avenue,956-526-4318
99,Orville,0 Prairie Rose Parkway,752-878-3558
100,Shaylyn,37155 Summerview Parkway,576-603-0598
101,Beau,63 Troy Pass,914-319-0245
102,Flemming,4666 Sullivan Place,901-357-0627
103,Sophie,103 Scoville Court,728-570-6571
104,Pedro,808 Delladonna Center,614-353-8955
105,Ram,118 Rowland Lane,463-847-5433
106,Nilson,21209 Mayer Drive,551-837-2662
107,Viv,240 Warrior Trail,535-272-8561
108,Issy,331 Westerfield Drive,381-124-1832
109,Elmer,6 Talisman Plaza,862-535-1204
110,August,93930 Crescent Oaks Alley,578-155-4756
111,Harley,32 Melby Road,450-235-0912
112,Helsa,28 Anhalt Crossing,108-106-9011
113,Kacey,22236 Carey Trail,831-843-1227
114,Delmore,63 5th Court,505-815-2452
115,Judi,3 Fuller Plaza,605-548-4532
116,Kaila,050 Arkansas Road,819-288-9258
117,Florina,01609 Anderson Crossing,251-111-7582
118,Shane,7 Fulton Junction,864-279-4863
119,Clementia,328 Talisman Pass,753-614-6362
120,Penni,25 Eagan Parkway,432-210-8221
121,Emmerich,54 Sutherland Point,151-744-0462
122,Tallie,25029 Warner Circle,281-642-5614
123,Sonnie,30558 Bobwhite Road,717-696-7112
124,Louella,6 Tennessee Park,941-760-4794
125,Mirella,305 Jenna Court,138-200-9826
126,Shawn,1307 Springs Alley,804-875-6838
127,Mar,1 Wayridge Place,235-867-4937
128,Germayne,177 Londonderry Terrace,339-660-9440
129,Carlyn,3 Becker Parkway,403-943-4713
130,Rainer,52496 Porter Junction,610-895-5255
131,Paten,0 John Wall Road,876-627-7123
132,Clare,9 Hansons Junction,666-876-5667
133,Charmine,5431 Chinook Drive,239-377-5993
134,Werner,73297 Corben Lane,724-912-4470
135,Jessy,2190 Dixon Hill,164-421-6270
136,Sharon,8 Westend Court,941-333-3955
137,Adlai,10 Bashford Lane,416-832-9394
138,Layne,03230 Homewood Park,852-244-6986
139,Lucho,69 Schurz Way,907-381-2642
140,Nanete,03334 Fisk Place,766-353-2740
141,Sisile,5 Barby Hill,962-162-4230
142,Kynthia,8716 Del Mar Way,969-945-2523
143,Constancia,914 Sage Plaza,814-463-5542
144,Rainer,97 Northport Center,991-142-0081
145,Ruddy,23172 Jay Junction,318-672-6796
146,Jamie,230 Gina Parkway,186-266-4970
147,Jacinthe,801 Larry Drive,113-918-8892
148,Rachelle,007 Nancy Trail,330-726-7611
149,Goober,48140 Pepper Wood Point,720-261-3864
150,Babs,55 Northland Junction,415-242-9686
151,Swen,8055 Merchant Street,410-286-8500
152,Minne,481 Westridge Terrace,171-176-0958
153,Caldwell,3418 Ruskin Terrace,797-594-1251
154,Amelie,135 Dryden Alley,706-650-5384
155,Timothea,45393 Morning Junction,272-122-6615
156,Jammie,6595 Eagle Crest Hill,192-994-8422
157,Maude,12 Mosinee Parkway,180-621-2965
158,Ira,85193 Shoshone Drive,210-374-6275
159,Cathlene,454 Mcbride Road,809-434-3690
160,Grete,4 Coolidge Alley,968-557-7934
161,Shellie,1621 Cherokee Way,174-454-2543
162,Jeff,4 Darwin Road,415-293-1944
163,Ardyce,04 Westridge Lane,895-535-4108
164,Griffie,1 Basil Drive,968-348-1194
165,Janeczka,0895 Waxwing Pass,989-915-6744
166,Jada,9 Armistice Point,889-517-3949
167,Dedie,25 Northridge Circle,825-497-3516
168,Derwin,011 Leroy Lane,990-647-5008
169,Dorrie,19 Logan Circle,795-568-8212
170,Myca,251 Golf Place,358-126-0754
171,Frederica,47338 Menomonie Crossing,315-562-2354
172,Indira,1897 Hauk Alley,825-767-6815
173,Tobi,25527 Kinsman Park,701-709-1784
174,Sybila,6609 Hayes Park,229-392-1040
175,Iorgo,65584 Service Trail,845-995-8214
176,Gardie,07571 Golf Course Plaza,826-977-0193
177,Lonnard,6 Muir Trail,847-627-4463
178,Ardath,83 Gerald Junction,904-983-2789
179,Margalit,23010 Scofield Road,978-942-4396
180,Tiffie,5968 Melrose Pass,900-709-6949
181,Kinna,35961 Florence Plaza,547-269-6468
182,Bernice,11412 Stang Junction,407-132-6613
183,Trish,9558 Huxley Avenue,827-103-8475
184,Felicio,6059 Oakridge Point,659-323-8427
185,Marianna,3830 Oriole Hill,432-599-1714
186,Karin,44 Artisan Junction,681-632-6306
187,Teresa,8544 Waubesa Avenue,717-953-2807
188,Joannes,130 Autumn Leaf Drive,755-369-7230
189,Rianon,98960 Anhalt Plaza,569-619-7128
190,Henrieta,472 Cordelia Crossing,829-572-4228
191,Paige,06527 John Wall Pass,289-997-6053
192,Genny,98 Old Shore Place,464-558-8112
193,Netta,9153 Briar Crest Terrace,444-847-8559
194,Morey,45 Elgar Court,272-462-7324
195,Orelee,475 Luster Alley,499-538-1979
196,Lorette,5768 Bellgrove Pass,455-206-9780
197,Elga,414 Spenser Point,679-901-3223
198,Kamilah,75 Esch Hill,484-596-7664
199,Alicia,9 Mosinee Trail,641-372-7923
200,Jillana,45 Magdeline Crossing,902-247-5552
201,Torr,0891 Mallard Crossing,119-278-4697
202,Ariela,7 Dorton Alley,138-114-3889
203,Kipp,4 Del Mar Place,416-723-9411
204,Irma,75 Clemons Terrace,752-309-2613
205,Valentino,6367 Vernon Plaza,556-111-3169
206,Farrah,4 Mifflin Court,511-853-8326
207,Alexis,8437 Lakewood Gardens Way,823-558-8281
208,Roderick,57 Lukken Terrace,759-535-4120
209,Bank,9 6th Center,378-349-5433
210,Bar,3 Laurel Junction,425-822-2049
211,Porty,3 Magdeline Place,245-448-8612
212,Abel,6868 Glacier Hill Pass,449-608-0332
213,Isabeau,62 Sherman Street,108-106-5505
214,Merrily,19 Esker Street,775-690-8495
215,Minor,01097 Carioca Plaza,282-555-4486
216,Othilia,510 Clove Alley,934-770-5423
217,Catie,01 Burning Wood Place,220-100-1724
218,Danny,0 Heath Drive,207-977-7316
219,Jaime,87085 Fairfield Court,614-715-6891
220,Serene,05 Express Road,440-253-3120
221,Ulric,843 Ryan Alley,742-493-2996
222,Yasmeen,62 Sheridan Alley,848-806-0673
223,Katheryn,73 Kedzie Hill,301-286-4259
224,Roosevelt,57729 Buell Place,947-772-3122
225,Colin,8472 Carioca Parkway,651-554-0078
226,Lonny,444 Bluejay Parkway,386-950-3738
227,Jo,7605 Ryan Park,512-394-0080
228,Kellia,58 Morrow Circle,980-660-5426
229,Loise,0 Old Shore Park,126-113-8914
230,Cos,24 Karstens Crossing,627-499-1201
231,Lanny,282 Spohn Plaza,609-302-7514
232,Flss,78560 Express Court,776-578-8313
233,Urban,8380 Warrior Pass,554-118-2924
234,Carlie,9 Welch Way,319-116-3766
235,Barn,91 Glendale Road,922-327-0994
236,Rosana,1850 Alpine Parkway,921-687-1534
237,Natka,7008 Schlimgen Lane,249-301-5179
238,Cornie,8054 Kennedy Hill,288-627-6008
239,Francklin,34337 Mcbride Avenue,384-935-8992
240,Leonanie,247 American Ash Avenue,621-802-5536
241,Emily,7 Tony Way,227-719-3181
242,Quinn,602 Troy Trail,461-186-6633
243,Peggi,970 Burning Wood Lane,128-428-0865
244,Sharline,24 Talisman Parkway,728-489-4722
245,Kati,5 Onsgard Park,172-781-8696
246,Dom,6455 Continental Pass,848-865-6701
247,Lyman,409 Columbus Crossing,681-724-9350
248,Florance,4574 Knutson Parkway,356-533-3891
249,Theodosia,7 Thierer Crossing,475-150-8846
250,Elmore,714 Shoshone Place,735-501-2153
251,Fayre,11 Waywood Hill,458-119-0001
252,Hedvige,370 Cordelia Park,715-289-7956
253,Gawen,36 Homewood Avenue,434-133-7443
254,Lelia,413 Laurel Terrace,190-612-1903
255,Tadio,509 Hooker Crossing,734-163-3228
256,Winnie,76116 Fordem Plaza,678-338-3251
257,Joshuah,60 Lake View Road,328-198-2985
258,Stephannie,6655 Twin Pines Trail,690-274-7764
259,Donella,9987 Manley Way,356-337-7184
260,Milly,2745 Dakota Pass,868-196-0195
261,Doralynne,7 3rd Hill,199-429-6923
262,Lari,0 Huxley Trail,487-832-7212
263,Justus,92 Mcguire Crossing,900-400-0672
264,Falkner,4045 Cascade Lane,241-807-0682
265,Lorri,70909 Nancy Drive,843-198-9267
266,Hurley,733 Spaight Park,761-137-1116
267,Nehemiah,83786 Toban Junction,235-264-7287
268,Kingston,85617 Boyd Lane,685-779-0850
269,Michal,7315 Upham Crossing,167-922-1414
270,Herold,1014 Ridgeview Street,908-294-1875
271,Cathleen,4692 Hayes Way,127-740-4794
272,Solly,4 Portage Street,449-346-3720
273,Gilli,13707 Rowland Street,538-633-1915
274,Willie,6 Meadow Vale Lane,334-677-6367
275,Orelia,7747 Pond Avenue,195-585-9791
276,Lorin,31 Onsgard Crossing,299-634-6980
277,Orland,0235 Sundown Crossing,774-489-1179
278,Stephana,0 Hoepker Way,808-398-3722
279,Gallagher,841 Crescent Oaks Street,250-718-5242
280,Corella,71 Washington Point,123-104-5757
281,Tanhya,92 Manitowish Junction,655-506-6209
282,Lindsey,5 Crescent Oaks Way,382-152-8615
283,Catherina,3 Nelson Way,101-244-1245
284,Stanly,6375 Straubel Center,107-274-9575
285,Gilbertine,14 Rutledge Hill,167-801-1740
286,Kristopher,5 Westend Pass,350-475-4750
287,Torrence,42876 Loeprich Lane,284-390-6212
288,Clarita,82 Thackeray Road,508-491-4110
289,Jania,7448 Northport Junction,736-773-1357
290,Catlin,21123 Jay Road,279-556-3838
291,Catlee,321 Fairfield Court,359-376-9062
292,Mildred,01 Duke Junction,336-384-6667
293,Lyle,98 Waubesa Circle,646-521-0058
294,Leonanie,97865 Judy Point,566-222-1837
295,Portia,68 Norway Maple Park,272-485-7704
296,Dov,8 Magdeline Way,421-296-4574
297,Chane,81 Mcguire Junction,179-139-3502
298,Lyell,95136 Upham Pass,870-325-1463
299,Dani,672 Kim Point,475-355-8700
300,Toddy,088 Kings Street,297-404-5323
301,Ralph,79 Haas Point,605-783-7401
302,Valencia,16 Hansons Lane,329-222-9601
303,Emmey,71389 Welch Street,464-875-5793
304,Malena,96 Caliangt Lane,685-114-8718
305,Brian,98 Mcguire Parkway,907-366-3534
306,Morganne,6141 Nobel Point,500-735-2786
307,Arabella,450 Hayes Lane,478-526-0092
308,Stillman,321 Vermont Park,191-989-9051
309,Catina,2209 Scott Trail,245-845-1241
310,Sophie,42559 Independence Drive,239-257-4855
311,Gillian,6 High Crossing Center,513-837-7261
312,Yardley,61 Comanche Circle,106-298-6312
313,Mab,6 Bayside Terrace,545-754-5544
314,Roselin,43990 Transport Point,641-179-5832
315,Emylee,6 Mitchell Terrace,736-802-5819
316,Daphne,121 Sherman Crossing,812-476-1145
317,Carmella,659 Roxbury Pass,334-436-7654
318,Noel,01478 Acker Junction,276-300-0407
319,Viviene,94 Portage Road,422-442-4948
320,Clarke,640 Calypso Road,249-550-5330
321,Alisun,431 Memorial Drive,905-697-7928
322,Theodora,2597 Milwaukee Road,827-430-8025
323,Annmaria,746 Katie Parkway,260-715-7064
324,Northrup,666 Linden Hill,249-582-7220
325,Beale,85 Hoffman Junction,529-335-8816
326,Percival,729 Thompson Trail,374-413-5130
327,Cam,20432 Blaine Way,930-392-1459
328,Brier,4 Service Plaza,674-602-1125
329,Sean,7506 Miller Street,329-491-5482
330,Seward,9783 Stephen Street,240-575-9118
331,Ash,2 Roxbury Parkway,223-266-0256
332,Jaquelin,733 Dawn Junction,680-932-1648
333,Annice,50 Southridge Plaza,441-242-9247
334,Rustie,3 Chinook Way,331-493-5344
335,Mycah,12602 Lindbergh Center,962-816-3320
336,Law,196 Holmberg Pass,972-166-3134
337,Lind,81 Farmco Way,812-587-0337
338,Martica,9 Northfield Junction,546-346-6979
339,Brnaby,6628 Katie Pass,662-282-3022
340,Kim,12 High Crossing Place,430-393-2982
341,Claudell,545 Melvin Avenue,601-125-1536
342,Phaidra,49192 Heffernan Crossing,552-979-0079
343,Jinny,227 Shoshone Avenue,268-276-8983
344,Jeniece,2990 Granby Place,698-498-8290
345,Debee,3 Moose Place,684-967-6777
346,Avrit,38 Sycamore Road,362-579-4113
347,Hedvig,275 Redwing Point,896-524-5966
348,Angeli,26 Nevada Alley,240-359-2111
349,Eleanora,4266 Kropf Trail,973-661-7324
350,Deana,4 Lyons Lane,987-579-7942
351,Kalina,84134 Hintze Junction,990-217-6432
352,Tatum,9 Randy Way,889-546-2153
353,Jo,102 Rigney Circle,232-845-8125
354,Martino,61 Vermont Crossing,549-623-5955
355,Aggy,3130 Lunder Point,314-263-6052
356,Donal,7 Huxley Center,291-582-5674
357,Webster,820 La Follette Center,578-288-1596
358,Bail,4 Nancy Way,647-706-8957
359,Etty,8477 Brown Avenue,596-254-5724
360,Enrica,726 Milwaukee Road,209-686-8004
361,Lorilee,72898 Columbus Crossing,225-810-8428
362,Carolee,96 Northland Street,699-840-6376
363,Sande,53327 Eagle Crest Trail,125-367-3011
364,Amandi,6075 Bluestem Way,969-369-1100
365,Taffy,492 Logan Terrace,891-223-4449
366,Lisette,3 Vahlen Park,634-975-3548
367,Dierdre,69 Ridgeview Crossing,574-119-6703
368,Danya,5 Maple Wood Plaza,453-478-8422
369,Ofilia,87594 Troy Lane,688-856-5385
370,Sidonia,1 Menomonie Point,630-804-9041
371,Franni,93 Bartelt Court,689-135-4704
372,Allyson,903 Sunfield Point,614-659-4796
373,Mitch,6 Butterfield Place,515-609-7650
374,Huntley,535 Jackson Road,680-380-6120
375,Rodolfo,41 Holy Cross Place,585-836-5235
376,Gray,30 School Alley,118-140-3949
377,Leonore,24 Sycamore Court,183-865-8455
378,Christyna,73 Center Pass,239-208-2510
379,Gwenore,82 Burrows Court,167-107-6834
380,Lindsay,24489 Swallow Plaza,326-778-0636
381,Alicia,7 Clyde Gallagher Place,268-355-6266
382,Jorge,6 Sunfield Street,126-975-4057
383,Willow,2171 Judy Alley,413-367-4843
384,Teresa,40 Toban Junction,724-756-9118
385,Eliot,153 Cascade Junction,792-859-7678
386,Boycie,43693 Mccormick Trail,400-786-8497
387,Montgomery,0 Loomis Plaza,378-945-2859
388,Elias,686 Northview Avenue,192-746-3244
389,Carrissa,7807 Bashford Parkway,477-155-1867
390,Annamarie,1147 Pierstorff Hill,610-936-9246
391,Waiter,3 Valley Edge Lane,540-146-2182
392,Dana,67486 Carpenter Center,376-111-7094
393,Trudi,6622 Clyde Gallagher Park,612-653-2580
394,Aguistin,01 Troy Lane,484-119-8240
395,Sheila,2173 Old Gate Place,196-919-8877
396,Petronia,3784 Old Shore Avenue,107-959-9414
397,Timothee,13 7th Hill,724-826-1785
398,Alistair,6014 Mallory Court,896-437-6843
399,Berrie,687 Buell Center,715-765-0064
400,Aldis,1 Jana Plaza,852-961-9978
401,Whittaker,2170 Corry Lane,995-545-6508
402,Ira,5 Shasta Trail,992-491-6406
403,Conroy,5 Warbler Plaza,833-327-7951
404,Richardo,01126 School Circle,891-921-4433
405,Melba,13135 Utah Street,231-657-8057
406,Cacilie,4715 Londonderry Place,898-173-2453
407,Enrica,5 Canary Crossing,663-121-0933
408,Violante,10 Evergreen Court,199-414-9122
409,Emelia,479 Service Trail,693-758-0214
410,Rafaello,590 Brown Point,543-986-0513
411,Noell,0 Forster Avenue,534-989-1301
412,Abel,343 Messerschmidt Court,217-212-0122
413,Alain,70655 Schiller Lane,749-271-3049
414,Moyra,4 Nancy Crossing,197-261-3703
415,Herc,8 Mesta Street,799-208-9696
416,Kendre,7 Duke Alley,538-106-9200
417,Scotti,15 Pepper Wood Street,422-611-1543
418,Fons,68 Brown Trail,201-298-3317
419,Ki,78920 Eagle Crest Junction,427-617-0589
420,Bernetta,75 Northridge Parkway,507-754-3627
421,Patrick,97204 Oak Place,540-464-0046
422,Orella,8776 Browning Place,332-275-7568
423,Cam,92370 Dawn Street,497-302-9121
424,Kennie,90684 Huxley Terrace,461-859-0407
425,Claudius,9 Onsgard Terrace,620-865-5821
426,Grannie,46856 David Court,293-167-5839
427,Armstrong,4 Melvin Street,428-133-3625
428,Diandra,72 Troy Pass,736-861-2098
429,Launce,99 Ridgeview Terrace,782-957-0222
430,Cele,80303 Oak Junction,296-564-2000
431,Melony,632 Westerfield Drive,480-668-1521
432,Kellia,43 Di Loreto Crossing,140-372-8166
433,Mayer,33919 Cardinal Avenue,606-181-5972
434,Britt,78796 Hagan Crossing,409-890-3278
435,Jacob,12628 Valley Edge Center,836-854-9413
436,Luz,948 Dixon Hill,515-859-4745
437,Sibel,5235 Burning Wood Terrace,256-972-9278
438,Zorana,4 Schurz Place,552-981-3729
439,Tito,14 Judy Place,429-847-5787
440,Darius,785 Farmco Point,771-274-6609
441,Mathilda,73 Cambridge Way,161-117-5766
442,Leonelle,9217 Rutledge Drive,808-498-3682
443,Doloritas,686 Monica Parkway,882-366-7141
444,Annamaria,982 Eastlawn Plaza,967-644-7829
445,Candida,449 Marquette Point,543-926-1921
446,Laurella,5207 Pennsylvania Court,850-198-4790
447,Datha,9 Derek Junction,430-452-7815
448,Rodrique,9 Shelley Street,192-435-9517
449,Lacey,80 Nova Junction,200-737-7315
450,Robbert,1 Nelson Court,753-766-3487
451,Ronda,786 Canary Parkway,669-942-1428
452,Brit,8 Upham Place,724-727-5313
453,Hamlen,5 Fuller Road,966-644-4650
454,Terrance,52378 Moland Junction,805-409-3919
455,Olia,8936 Canary Circle,265-423-7421
456,Whittaker,8333 Sheridan Point,200-620-2375
457,Kylynn,95936 Quincy Crossing,113-166-9643
458,Aila,537 Blackbird Terrace,422-574-0623
459,Ignacio,9368 Ryan Court,362-882-8392
460,Mickey,86574 Sundown Lane,799-794-0665
461,Madlin,962 Eastwood Pass,564-291-4701
462,Rose,783 Buhler Center,315-899-0883
463,Stephenie,50398 Lakeland Lane,861-404-6031
464,Erny,4268 Graedel Avenue,624-580-0675
465,Chrotoem,4 Prentice Alley,495-222-1309
466,Fannie,08038 Dawn Junction,968-479-8738
467,Simon,4102 Lighthouse Bay Street,923-789-5685
468,Lorie,22 Waywood Way,132-496-7181
469,Freddie,8293 Glendale Center,652-961-6261
470,Kirsti,7 Bayside Junction,722-663-6677
471,Carmen,373 Roxbury Terrace,525-639-0763
472,Mikaela,38 Menomonie Drive,268-878-3846
473,Yolande,0 Stang Circle,239-107-4298
474,Dredi,7415 Jenna Park,480-237-6941
475,Timi,821 Oriole Crossing,618-852-2238
476,Bianka,09397 Pearson Place,224-110-0024
477,Wernher,93 Mesta Avenue,123-970-6957
478,Freddy,33582 Harbort Park,617-669-2548
479,Ev,2187 Main Trail,697-797-2322
480,Murielle,25479 Maple Plaza,484-645-9988
481,Brina,6 Glacier Hill Alley,438-969-6143
482,Samuel,3484 Maple Wood Parkway,553-363-7825
483,Zacherie,0 Lien Point,759-702-5462
484,Lidia,67920 Green Plaza,568-893-4348
485,Moselle,86934 Susan Court,102-848-1333
486,Luise,67910 Harbort Plaza,514-734-7702
487,Alphonse,281 Almo Court,459-975-4528
488,Tucker,7656 Canary Pass,934-603-7012
489,Gilberta,5440 Graceland Parkway,619-512-6478
490,Dora,00078 Spohn Street,431-155-6586
491,Aubrette,5 Bultman Trail,734-882-2629
492,Angelina,862 Hagan Drive,640-245-8588
493,Annadiana,0045 Hanover Road,321-624-2112
494,Stephine,03790 Rigney Lane,452-359-4901
495,Ly,904 Dexter Parkway,348-458-2776
496,Arabele,6163 Carey Terrace,407-420-7329
497,Kesley,755 Heffernan Center,906-177-2438
498,Cullin,938 Artisan Road,400-575-2592
499,Ruthann,9 Straubel Way,445-792-0083
500,Ada,3304 Trailsway Circle,712-376-3626
